"u (um/s):0","u (um/s):1","u (um/s):2","vtkValidPointMask","arc_length","Points:0","Points:1","Points:2"
0.00000e+00,0.00000e+00,0.00000e+00,1,0.00000e+00,1.00000e-01,0.00000e+00,0.00000e+00
-3.25537e-06,5.29035e-08,0.00000e+00,1,2.54000e-02,1.00000e-01,2.54000e-02,0.00000e+00
-7.78879e-07,6.94738e-08,0.00000e+00,1,5.08000e-02,1.00000e-01,5.08000e-02,0.00000e+00
5.26479e-06,2.19206e-07,0.00000e+00,1,7.62000e-02,1.00000e-01,7.62000e-02,0.00000e+00
1.41508e-05,3.58748e-07,0.00000e+00,1,1.01600e-01,1.00000e-01,1.01600e-01,0.00000e+00
2.55422e-05,4.68275e-07,0.00000e+00,1,1.27000e-01,1.00000e-01,1.27000e-01,0.00000e+00
3.94735e-05,5.71386e-07,0.00000e+00,1,1.52400e-01,1.00000e-01,1.52400e-01,0.00000e+00
5.58688e-05,5.85488e-07,0.00000e+00,1,1.77800e-01,1.00000e-01,1.77800e-01,0.00000e+00
7.45659e-05,8.21002e-07,0.00000e+00,1,2.03200e-01,1.00000e-01,2.03200e-01,0.00000e+00
9.58292e-05,9.79441e-07,0.00000e+00,1,2.28600e-01,1.00000e-01,2.28600e-01,0.00000e+00
1.19467e-04,1.02270e-06,0.00000e+00,1,2.54000e-01,1.00000e-01,2.54000e-01,0.00000e+00
1.45502e-04,1.16668e-06,0.00000e+00,1,2.79400e-01,1.00000e-01,2.79400e-01,0.00000e+00
1.74002e-04,1.26623e-06,0.00000e+00,1,3.04800e-01,1.00000e-01,3.04800e-01,0.00000e+00
2.04733e-04,1.37790e-06,0.00000e+00,1,3.30200e-01,1.00000e-01,3.30200e-01,0.00000e+00
2.37827e-04,1.49450e-06,0.00000e+00,1,3.55600e-01,1.00000e-01,3.55600e-01,0.00000e+00
2.73208e-04,1.60586e-06,0.00000e+00,1,3.81000e-01,1.00000e-01,3.81000e-01,0.00000e+00
3.10872e-04,1.72947e-06,0.00000e+00,1,4.06400e-01,1.00000e-01,4.06400e-01,0.00000e+00
3.50754e-04,1.83160e-06,0.00000e+00,1,4.31800e-01,1.00000e-01,4.31800e-01,0.00000e+00
3.92861e-04,1.95064e-06,0.00000e+00,1,4.57200e-01,1.00000e-01,4.57200e-01,0.00000e+00
4.37153e-04,2.06299e-06,0.00000e+00,1,4.82600e-01,1.00000e-01,4.82600e-01,0.00000e+00
4.83614e-04,2.17583e-06,0.00000e+00,1,5.08000e-01,1.00000e-01,5.08000e-01,0.00000e+00
5.32228e-04,2.29086e-06,0.00000e+00,1,5.33400e-01,1.00000e-01,5.33400e-01,0.00000e+00
5.82957e-04,2.40117e-06,0.00000e+00,1,5.58800e-01,1.00000e-01,5.58800e-01,0.00000e+00
6.35780e-04,2.51341e-06,0.00000e+00,1,5.84200e-01,1.00000e-01,5.84200e-01,0.00000e+00
6.90647e-04,2.62667e-06,0.00000e+00,1,6.09600e-01,1.00000e-01,6.09600e-01,0.00000e+00
7.47546e-04,2.74403e-06,0.00000e+00,1,6.35000e-01,1.00000e-01,6.35000e-01,0.00000e+00
8.06457e-04,2.85927e-06,0.00000e+00,1,6.60400e-01,1.00000e-01,6.60400e-01,0.00000e+00
8.67351e-04,2.96567e-06,0.00000e+00,1,6.85800e-01,1.00000e-01,6.85800e-01,0.00000e+00
9.30199e-04,3.08445e-06,0.00000e+00,1,7.11200e-01,1.00000e-01,7.11200e-01,0.00000e+00
9.94980e-04,3.18755e-06,0.00000e+00,1,7.36600e-01,1.00000e-01,7.36600e-01,0.00000e+00
1.06167e-03,3.29663e-06,0.00000e+00,1,7.62000e-01,1.00000e-01,7.62000e-01,0.00000e+00
1.13022e-03,3.41257e-06,0.00000e+00,1,7.87400e-01,1.00000e-01,7.87400e-01,0.00000e+00
1.20062e-03,3.53222e-06,0.00000e+00,1,8.12800e-01,1.00000e-01,8.12800e-01,0.00000e+00
1.27286e-03,3.64510e-06,0.00000e+00,1,8.38200e-01,1.00000e-01,8.38200e-01,0.00000e+00
1.34688e-03,3.76155e-06,0.00000e+00,1,8.63600e-01,1.00000e-01,8.63600e-01,0.00000e+00
1.42269e-03,3.87948e-06,0.00000e+00,1,8.89000e-01,1.00000e-01,8.89000e-01,0.00000e+00
1.50024e-03,3.99767e-06,0.00000e+00,1,9.14400e-01,1.00000e-01,9.14400e-01,0.00000e+00
1.57951e-03,4.10586e-06,0.00000e+00,1,9.39800e-01,1.00000e-01,9.39800e-01,0.00000e+00
1.66048e-03,4.23767e-06,0.00000e+00,1,9.65200e-01,1.00000e-01,9.65200e-01,0.00000e+00
1.74312e-03,4.35526e-06,0.00000e+00,1,9.90600e-01,1.00000e-01,9.90600e-01,0.00000e+00
1.82740e-03,4.44704e-06,0.00000e+00,1,1.01600e+00,1.00000e-01,1.01600e+00,0.00000e+00
1.91328e-03,4.55019e-06,0.00000e+00,1,1.04140e+00,1.00000e-01,1.04140e+00,0.00000e+00
2.00077e-03,4.68003e-06,0.00000e+00,1,1.06680e+00,1.00000e-01,1.06680e+00,0.00000e+00
2.08984e-03,4.78870e-06,0.00000e+00,1,1.09220e+00,1.00000e-01,1.09220e+00,0.00000e+00
2.18044e-03,4.90314e-06,0.00000e+00,1,1.11760e+00,1.00000e-01,1.11760e+00,0.00000e+00
2.27256e-03,5.00604e-06,0.00000e+00,1,1.14300e+00,1.00000e-01,1.14300e+00,0.00000e+00
2.36616e-03,5.12872e-06,0.00000e+00,1,1.16840e+00,1.00000e-01,1.16840e+00,0.00000e+00
2.46124e-03,5.22641e-06,0.00000e+00,1,1.19380e+00,1.00000e-01,1.19380e+00,0.00000e+00
2.55773e-03,5.35678e-06,0.00000e+00,1,1.21920e+00,1.00000e-01,1.21920e+00,0.00000e+00
2.65564e-03,5.47603e-06,0.00000e+00,1,1.24460e+00,1.00000e-01,1.24460e+00,0.00000e+00
2.75493e-03,5.58023e-06,0.00000e+00,1,1.27000e+00,1.00000e-01,1.27000e+00,0.00000e+00
2.85557e-03,5.69684e-06,0.00000e+00,1,1.29540e+00,1.00000e-01,1.29540e+00,0.00000e+00
2.95755e-03,5.81021e-06,0.00000e+00,1,1.32080e+00,1.00000e-01,1.32080e+00,0.00000e+00
3.06083e-03,5.92398e-06,0.00000e+00,1,1.34620e+00,1.00000e-01,1.34620e+00,0.00000e+00
3.16539e-03,6.03975e-06,0.00000e+00,1,1.37160e+00,1.00000e-01,1.37160e+00,0.00000e+00
3.27120e-03,6.14539e-06,0.00000e+00,1,1.39700e+00,1.00000e-01,1.39700e+00,0.00000e+00
3.37824e-03,6.26884e-06,0.00000e+00,1,1.42240e+00,1.00000e-01,1.42240e+00,0.00000e+00
3.48648e-03,6.37651e-06,0.00000e+00,1,1.44780e+00,1.00000e-01,1.44780e+00,0.00000e+00
3.59589e-03,6.48859e-06,0.00000e+00,1,1.47320e+00,1.00000e-01,1.47320e+00,0.00000e+00
3.70645e-03,6.60850e-06,0.00000e+00,1,1.49860e+00,1.00000e-01,1.49860e+00,0.00000e+00
3.81814e-03,6.71762e-06,0.00000e+00,1,1.52400e+00,1.00000e-01,1.52400e+00,0.00000e+00
3.93092e-03,6.83203e-06,0.00000e+00,1,1.54940e+00,1.00000e-01,1.54940e+00,0.00000e+00
4.04478e-03,6.94556e-06,0.00000e+00,1,1.57480e+00,1.00000e-01,1.57480e+00,0.00000e+00
4.15968e-03,7.05962e-06,0.00000e+00,1,1.60020e+00,1.00000e-01,1.60020e+00,0.00000e+00
4.27560e-03,7.16558e-06,0.00000e+00,1,1.62560e+00,1.00000e-01,1.62560e+00,0.00000e+00
4.39252e-03,7.28647e-06,0.00000e+00,1,1.65100e+00,1.00000e-01,1.65100e+00,0.00000e+00
4.51040e-03,7.40042e-06,0.00000e+00,1,1.67640e+00,1.00000e-01,1.67640e+00,0.00000e+00
4.62923e-03,7.51335e-06,0.00000e+00,1,1.70180e+00,1.00000e-01,1.70180e+00,0.00000e+00
4.74897e-03,7.62499e-06,0.00000e+00,1,1.72720e+00,1.00000e-01,1.72720e+00,0.00000e+00
4.86959e-03,7.74218e-06,0.00000e+00,1,1.75260e+00,1.00000e-01,1.75260e+00,0.00000e+00
4.99109e-03,7.84904e-06,0.00000e+00,1,1.77800e+00,1.00000e-01,1.77800e+00,0.00000e+00
5.11342e-03,7.95995e-06,0.00000e+00,1,1.80340e+00,1.00000e-01,1.80340e+00,0.00000e+00
5.23655e-03,8.07935e-06,0.00000e+00,1,1.82880e+00,1.00000e-01,1.82880e+00,0.00000e+00
5.36047e-03,8.19668e-06,0.00000e+00,1,1.85420e+00,1.00000e-01,1.85420e+00,0.00000e+00
5.48514e-03,8.30905e-06,0.00000e+00,1,1.87960e+00,1.00000e-01,1.87960e+00,0.00000e+00
5.61055e-03,8.42205e-06,0.00000e+00,1,1.90500e+00,1.00000e-01,1.90500e+00,0.00000e+00
5.73667e-03,8.53601e-06,0.00000e+00,1,1.93040e+00,1.00000e-01,1.93040e+00,0.00000e+00
5.86347e-03,8.65125e-06,0.00000e+00,1,1.95580e+00,1.00000e-01,1.95580e+00,0.00000e+00
5.99092e-03,8.75679e-06,0.00000e+00,1,1.98120e+00,1.00000e-01,1.98120e+00,0.00000e+00
6.11900e-03,8.87021e-06,0.00000e+00,1,2.00660e+00,1.00000e-01,2.00660e+00,0.00000e+00
6.24768e-03,8.99027e-06,0.00000e+00,1,2.03200e+00,1.00000e-01,2.03200e+00,0.00000e+00
6.37694e-03,9.10744e-06,0.00000e+00,1,2.05740e+00,1.00000e-01,2.05740e+00,0.00000e+00
6.50675e-03,9.21761e-06,0.00000e+00,1,2.08280e+00,1.00000e-01,2.08280e+00,0.00000e+00
6.63708e-03,9.33122e-06,0.00000e+00,1,2.10820e+00,1.00000e-01,2.10820e+00,0.00000e+00
6.76792e-03,9.44791e-06,0.00000e+00,1,2.13360e+00,1.00000e-01,2.13360e+00,0.00000e+00
6.89923e-03,9.55821e-06,0.00000e+00,1,2.15900e+00,1.00000e-01,2.15900e+00,0.00000e+00
7.03099e-03,9.67168e-06,0.00000e+00,1,2.18440e+00,1.00000e-01,2.18440e+00,0.00000e+00
7.16316e-03,9.78902e-06,0.00000e+00,1,2.20980e+00,1.00000e-01,2.20980e+00,0.00000e+00
7.29573e-03,9.89845e-06,0.00000e+00,1,2.23520e+00,1.00000e-01,2.23520e+00,0.00000e+00
7.42866e-03,1.00135e-05,0.00000e+00,1,2.26060e+00,1.00000e-01,2.26060e+00,0.00000e+00
7.56194e-03,1.01261e-05,0.00000e+00,1,2.28600e+00,1.00000e-01,2.28600e+00,0.00000e+00
7.69554e-03,1.02398e-05,0.00000e+00,1,2.31140e+00,1.00000e-01,2.31140e+00,0.00000e+00
7.82942e-03,1.03522e-05,0.00000e+00,1,2.33680e+00,1.00000e-01,2.33680e+00,0.00000e+00
7.96357e-03,1.04673e-05,0.00000e+00,1,2.36220e+00,1.00000e-01,2.36220e+00,0.00000e+00
8.09796e-03,1.05823e-05,0.00000e+00,1,2.38760e+00,1.00000e-01,2.38760e+00,0.00000e+00
8.23256e-03,1.06949e-05,0.00000e+00,1,2.41300e+00,1.00000e-01,2.41300e+00,0.00000e+00
8.36734e-03,1.08080e-05,0.00000e+00,1,2.43840e+00,1.00000e-01,2.43840e+00,0.00000e+00
8.50229e-03,1.09213e-05,0.00000e+00,1,2.46380e+00,1.00000e-01,2.46380e+00,0.00000e+00
8.63737e-03,1.10347e-05,0.00000e+00,1,2.48920e+00,1.00000e-01,2.48920e+00,0.00000e+00
8.77255e-03,1.11486e-05,0.00000e+00,1,2.51460e+00,1.00000e-01,2.51460e+00,0.00000e+00
8.90782e-03,1.12618e-05,0.00000e+00,1,2.54000e+00,1.00000e-01,2.54000e+00,0.00000e+00
9.04315e-03,1.13758e-05,0.00000e+00,1,2.56540e+00,1.00000e-01,2.56540e+00,0.00000e+00
9.17850e-03,1.14892e-05,0.00000e+00,1,2.59080e+00,1.00000e-01,2.59080e+00,0.00000e+00
9.31386e-03,1.16028e-05,0.00000e+00,1,2.61620e+00,1.00000e-01,2.61620e+00,0.00000e+00
9.44920e-03,1.17164e-05,0.00000e+00,1,2.64160e+00,1.00000e-01,2.64160e+00,0.00000e+00
9.58449e-03,1.18295e-05,0.00000e+00,1,2.66700e+00,1.00000e-01,2.66700e+00,0.00000e+00
9.71971e-03,1.19447e-05,0.00000e+00,1,2.69240e+00,1.00000e-01,2.69240e+00,0.00000e+00
9.85482e-03,1.20576e-05,0.00000e+00,1,2.71780e+00,1.00000e-01,2.71780e+00,0.00000e+00
9.98981e-03,1.21704e-05,0.00000e+00,1,2.74320e+00,1.00000e-01,2.74320e+00,0.00000e+00
1.01246e-02,1.22836e-05,0.00000e+00,1,2.76860e+00,1.00000e-01,2.76860e+00,0.00000e+00
1.02593e-02,1.23973e-05,0.00000e+00,1,2.79400e+00,1.00000e-01,2.79400e+00,0.00000e+00
1.03938e-02,1.25111e-05,0.00000e+00,1,2.81940e+00,1.00000e-01,2.81940e+00,0.00000e+00
1.05280e-02,1.26252e-05,0.00000e+00,1,2.84480e+00,1.00000e-01,2.84480e+00,0.00000e+00
1.06619e-02,1.27379e-05,0.00000e+00,1,2.87020e+00,1.00000e-01,2.87020e+00,0.00000e+00
1.07956e-02,1.28504e-05,0.00000e+00,1,2.89560e+00,1.00000e-01,2.89560e+00,0.00000e+00
1.09290e-02,1.29641e-05,0.00000e+00,1,2.92100e+00,1.00000e-01,2.92100e+00,0.00000e+00
1.10621e-02,1.30792e-05,0.00000e+00,1,2.94640e+00,1.00000e-01,2.94640e+00,0.00000e+00
1.11947e-02,1.31893e-05,0.00000e+00,1,2.97180e+00,1.00000e-01,2.97180e+00,0.00000e+00
1.13270e-02,1.33026e-05,0.00000e+00,1,2.99720e+00,1.00000e-01,2.99720e+00,0.00000e+00
1.14589e-02,1.34221e-05,0.00000e+00,1,3.02260e+00,1.00000e-01,3.02260e+00,0.00000e+00
1.15904e-02,1.35349e-05,0.00000e+00,1,3.04800e+00,1.00000e-01,3.04800e+00,0.00000e+00
1.17213e-02,1.36467e-05,0.00000e+00,1,3.07340e+00,1.00000e-01,3.07340e+00,0.00000e+00
1.18518e-02,1.37623e-05,0.00000e+00,1,3.09880e+00,1.00000e-01,3.09880e+00,0.00000e+00
1.19818e-02,1.38775e-05,0.00000e+00,1,3.12420e+00,1.00000e-01,3.12420e+00,0.00000e+00
1.21112e-02,1.39881e-05,0.00000e+00,1,3.14960e+00,1.00000e-01,3.14960e+00,0.00000e+00
1.22401e-02,1.41014e-05,0.00000e+00,1,3.17500e+00,1.00000e-01,3.17500e+00,0.00000e+00
1.23684e-02,1.42155e-05,0.00000e+00,1,3.20040e+00,1.00000e-01,3.20040e+00,0.00000e+00
1.24960e-02,1.43296e-05,0.00000e+00,1,3.22580e+00,1.00000e-01,3.22580e+00,0.00000e+00
1.26230e-02,1.44337e-05,0.00000e+00,1,3.25120e+00,1.00000e-01,3.25120e+00,0.00000e+00
1.27494e-02,1.45548e-05,0.00000e+00,1,3.27660e+00,1.00000e-01,3.27660e+00,0.00000e+00
1.28750e-02,1.46704e-05,0.00000e+00,1,3.30200e+00,1.00000e-01,3.30200e+00,0.00000e+00
1.29999e-02,1.47808e-05,0.00000e+00,1,3.32740e+00,1.00000e-01,3.32740e+00,0.00000e+00
1.31240e-02,1.49001e-05,0.00000e+00,1,3.35280e+00,1.00000e-01,3.35280e+00,0.00000e+00
1.32474e-02,1.50143e-05,0.00000e+00,1,3.37820e+00,1.00000e-01,3.37820e+00,0.00000e+00
1.33700e-02,1.51285e-05,0.00000e+00,1,3.40360e+00,1.00000e-01,3.40360e+00,0.00000e+00
1.34917e-02,1.52434e-05,0.00000e+00,1,3.42900e+00,1.00000e-01,3.42900e+00,0.00000e+00
1.36126e-02,1.53534e-05,0.00000e+00,1,3.45440e+00,1.00000e-01,3.45440e+00,0.00000e+00
1.37326e-02,1.54643e-05,0.00000e+00,1,3.47980e+00,1.00000e-01,3.47980e+00,0.00000e+00
1.38517e-02,1.55682e-05,0.00000e+00,1,3.50520e+00,1.00000e-01,3.50520e+00,0.00000e+00
1.39699e-02,1.56939e-05,0.00000e+00,1,3.53060e+00,1.00000e-01,3.53060e+00,0.00000e+00
1.40871e-02,1.58084e-05,0.00000e+00,1,3.55600e+00,1.00000e-01,3.55600e+00,0.00000e+00
1.42033e-02,1.59029e-05,0.00000e+00,1,3.58140e+00,1.00000e-01,3.58140e+00,0.00000e+00
1.43186e-02,1.60348e-05,0.00000e+00,1,3.60680e+00,1.00000e-01,3.60680e+00,0.00000e+00
1.44327e-02,1.61450e-05,0.00000e+00,1,3.63220e+00,1.00000e-01,3.63220e+00,0.00000e+00
1.45459e-02,1.62611e-05,0.00000e+00,1,3.65760e+00,1.00000e-01,3.65760e+00,0.00000e+00
1.46579e-02,1.63728e-05,0.00000e+00,1,3.68300e+00,1.00000e-01,3.68300e+00,0.00000e+00
1.47688e-02,1.64864e-05,0.00000e+00,1,3.70840e+00,1.00000e-01,3.70840e+00,0.00000e+00
1.48786e-02,1.66004e-05,0.00000e+00,1,3.73380e+00,1.00000e-01,3.73380e+00,0.00000e+00
1.49872e-02,1.67153e-05,0.00000e+00,1,3.75920e+00,1.00000e-01,3.75920e+00,0.00000e+00
1.50946e-02,1.68250e-05,0.00000e+00,1,3.78460e+00,1.00000e-01,3.78460e+00,0.00000e+00
1.52008e-02,1.69423e-05,0.00000e+00,1,3.81000e+00,1.00000e-01,3.81000e+00,0.00000e+00
1.53057e-02,1.70556e-05,0.00000e+00,1,3.83540e+00,1.00000e-01,3.83540e+00,0.00000e+00
1.54094e-02,1.71679e-05,0.00000e+00,1,3.86080e+00,1.00000e-01,3.86080e+00,0.00000e+00
1.55118e-02,1.72830e-05,0.00000e+00,1,3.88620e+00,1.00000e-01,3.88620e+00,0.00000e+00
1.56128e-02,1.73990e-05,0.00000e+00,1,3.91160e+00,1.00000e-01,3.91160e+00,0.00000e+00
1.57125e-02,1.75041e-05,0.00000e+00,1,3.93700e+00,1.00000e-01,3.93700e+00,0.00000e+00
1.58108e-02,1.76121e-05,0.00000e+00,1,3.96240e+00,1.00000e-01,3.96240e+00,0.00000e+00
1.59078e-02,1.77305e-05,0.00000e+00,1,3.98780e+00,1.00000e-01,3.98780e+00,0.00000e+00
1.60033e-02,1.78430e-05,0.00000e+00,1,4.01320e+00,1.00000e-01,4.01320e+00,0.00000e+00
1.60973e-02,1.79648e-05,0.00000e+00,1,4.03860e+00,1.00000e-01,4.03860e+00,0.00000e+00
1.61899e-02,1.80765e-05,0.00000e+00,1,4.06400e+00,1.00000e-01,4.06400e+00,0.00000e+00
1.62809e-02,1.81894e-05,0.00000e+00,1,4.08940e+00,1.00000e-01,4.08940e+00,0.00000e+00
1.63705e-02,1.83047e-05,0.00000e+00,1,4.11480e+00,1.00000e-01,4.11480e+00,0.00000e+00
1.64585e-02,1.84188e-05,0.00000e+00,1,4.14020e+00,1.00000e-01,4.14020e+00,0.00000e+00
1.65448e-02,1.85319e-05,0.00000e+00,1,4.16560e+00,1.00000e-01,4.16560e+00,0.00000e+00
1.66296e-02,1.86466e-05,0.00000e+00,1,4.19100e+00,1.00000e-01,4.19100e+00,0.00000e+00
1.67128e-02,1.87577e-05,0.00000e+00,1,4.21640e+00,1.00000e-01,4.21640e+00,0.00000e+00
1.67943e-02,1.88776e-05,0.00000e+00,1,4.24180e+00,1.00000e-01,4.24180e+00,0.00000e+00
1.68741e-02,1.89849e-05,0.00000e+00,1,4.26720e+00,1.00000e-01,4.26720e+00,0.00000e+00
1.69521e-02,1.90755e-05,0.00000e+00,1,4.29260e+00,1.00000e-01,4.29260e+00,0.00000e+00
1.70285e-02,1.91900e-05,0.00000e+00,1,4.31800e+00,1.00000e-01,4.31800e+00,0.00000e+00
1.71030e-02,1.93296e-05,0.00000e+00,1,4.34340e+00,1.00000e-01,4.34340e+00,0.00000e+00
1.71758e-02,1.94194e-05,0.00000e+00,1,4.36880e+00,1.00000e-01,4.36880e+00,0.00000e+00
1.72468e-02,1.95609e-05,0.00000e+00,1,4.39420e+00,1.00000e-01,4.39420e+00,0.00000e+00
1.73159e-02,1.96665e-05,0.00000e+00,1,4.41960e+00,1.00000e-01,4.41960e+00,0.00000e+00
1.73832e-02,1.97843e-05,0.00000e+00,1,4.44500e+00,1.00000e-01,4.44500e+00,0.00000e+00
1.74485e-02,1.98936e-05,0.00000e+00,1,4.47040e+00,1.00000e-01,4.47040e+00,0.00000e+00
1.75119e-02,2.00145e-05,0.00000e+00,1,4.49580e+00,1.00000e-01,4.49580e+00,0.00000e+00
1.75734e-02,2.01077e-05,0.00000e+00,1,4.52120e+00,1.00000e-01,4.52120e+00,0.00000e+00
1.76329e-02,2.02251e-05,0.00000e+00,1,4.54660e+00,1.00000e-01,4.54660e+00,0.00000e+00
1.76905e-02,2.03575e-05,0.00000e+00,1,4.57200e+00,1.00000e-01,4.57200e+00,0.00000e+00
1.77460e-02,2.04744e-05,0.00000e+00,1,4.59740e+00,1.00000e-01,4.59740e+00,0.00000e+00
1.77994e-02,2.05707e-05,0.00000e+00,1,4.62280e+00,1.00000e-01,4.62280e+00,0.00000e+00
1.78508e-02,2.06882e-05,0.00000e+00,1,4.64820e+00,1.00000e-01,4.64820e+00,0.00000e+00
1.79000e-02,2.08020e-05,0.00000e+00,1,4.67360e+00,1.00000e-01,4.67360e+00,0.00000e+00
1.79472e-02,2.09020e-05,0.00000e+00,1,4.69900e+00,1.00000e-01,4.69900e+00,0.00000e+00
1.79921e-02,2.10314e-05,0.00000e+00,1,4.72440e+00,1.00000e-01,4.72440e+00,0.00000e+00
1.80349e-02,2.11459e-05,0.00000e+00,1,4.74980e+00,1.00000e-01,4.74980e+00,0.00000e+00
1.80755e-02,2.12617e-05,0.00000e+00,1,4.77520e+00,1.00000e-01,4.77520e+00,0.00000e+00
1.81138e-02,2.14136e-05,0.00000e+00,1,4.80060e+00,1.00000e-01,4.80060e+00,0.00000e+00
1.81499e-02,2.15066e-05,0.00000e+00,1,4.82600e+00,1.00000e-01,4.82600e+00,0.00000e+00
1.81837e-02,2.16414e-05,0.00000e+00,1,4.85140e+00,1.00000e-01,4.85140e+00,0.00000e+00
1.82152e-02,2.17758e-05,0.00000e+00,1,4.87680e+00,1.00000e-01,4.87680e+00,0.00000e+00
1.82443e-02,2.19273e-05,0.00000e+00,1,4.90220e+00,1.00000e-01,4.90220e+00,0.00000e+00
1.82711e-02,2.20760e-05,0.00000e+00,1,4.92760e+00,1.00000e-01,4.92760e+00,0.00000e+00
1.82955e-02,2.22067e-05,0.00000e+00,1,4.95300e+00,1.00000e-01,4.95300e+00,0.00000e+00
1.83175e-02,2.22358e-05,0.00000e+00,1,4.97840e+00,1.00000e-01,4.97840e+00,0.00000e+00
1.83369e-02,2.20858e-05,0.00000e+00,1,5.00380e+00,1.00000e-01,5.00380e+00,0.00000e+00
1.83538e-02,2.15697e-05,0.00000e+00,1,5.02920e+00,1.00000e-01,5.02920e+00,0.00000e+00
1.83678e-02,2.05211e-05,0.00000e+00,1,5.05460e+00,1.00000e-01,5.05460e+00,0.00000e+00
1.83785e-02,1.88563e-05,0.00000e+00,1,5.08000e+00,1.00000e-01,5.08000e+00,0.00000e+00
1.83857e-02,1.68267e-05,0.00000e+00,1,5.10540e+00,1.00000e-01,5.10540e+00,0.00000e+00
1.83895e-02,1.49778e-05,0.00000e+00,1,5.13080e+00,1.00000e-01,5.13080e+00,0.00000e+00
1.83908e-02,1.36876e-05,0.00000e+00,1,5.15620e+00,1.00000e-01,5.15620e+00,0.00000e+00
1.83908e-02,1.28950e-05,0.00000e+00,1,5.18160e+00,1.00000e-01,5.18160e+00,0.00000e+00
1.83901e-02,1.24183e-05,0.00000e+00,1,5.20700e+00,1.00000e-01,5.20700e+00,0.00000e+00
1.83892e-02,1.20355e-05,0.00000e+00,1,5.23240e+00,1.00000e-01,5.23240e+00,0.00000e+00
1.83883e-02,1.16143e-05,0.00000e+00,1,5.25780e+00,1.00000e-01,5.25780e+00,0.00000e+00
1.83876e-02,1.11163e-05,0.00000e+00,1,5.28320e+00,1.00000e-01,5.28320e+00,0.00000e+00
1.83870e-02,1.05381e-05,0.00000e+00,1,5.30860e+00,1.00000e-01,5.30860e+00,0.00000e+00
1.83866e-02,9.88971e-06,0.00000e+00,1,5.33400e+00,1.00000e-01,5.33400e+00,0.00000e+00
1.83863e-02,9.19906e-06,0.00000e+00,1,5.35940e+00,1.00000e-01,5.35940e+00,0.00000e+00
1.83861e-02,8.50339e-06,0.00000e+00,1,5.38480e+00,1.00000e-01,5.38480e+00,0.00000e+00
1.83861e-02,7.81132e-06,0.00000e+00,1,5.41020e+00,1.00000e-01,5.41020e+00,0.00000e+00
1.83861e-02,7.14559e-06,0.00000e+00,1,5.43560e+00,1.00000e-01,5.43560e+00,0.00000e+00
1.83861e-02,6.51831e-06,0.00000e+00,1,5.46100e+00,1.00000e-01,5.46100e+00,0.00000e+00
1.83862e-02,5.93407e-06,0.00000e+00,1,5.48640e+00,1.00000e-01,5.48640e+00,0.00000e+00
1.83863e-02,5.39637e-06,0.00000e+00,1,5.51180e+00,1.00000e-01,5.51180e+00,0.00000e+00
1.83864e-02,4.90252e-06,0.00000e+00,1,5.53720e+00,1.00000e-01,5.53720e+00,0.00000e+00
1.83865e-02,4.45075e-06,0.00000e+00,1,5.56260e+00,1.00000e-01,5.56260e+00,0.00000e+00
1.83866e-02,4.03240e-06,0.00000e+00,1,5.58800e+00,1.00000e-01,5.58800e+00,0.00000e+00
1.83867e-02,3.64705e-06,0.00000e+00,1,5.61340e+00,1.00000e-01,5.61340e+00,0.00000e+00
1.83867e-02,3.30038e-06,0.00000e+00,1,5.63880e+00,1.00000e-01,5.63880e+00,0.00000e+00
1.83867e-02,2.99579e-06,0.00000e+00,1,5.66420e+00,1.00000e-01,5.66420e+00,0.00000e+00
1.83868e-02,2.72584e-06,0.00000e+00,1,5.68960e+00,1.00000e-01,5.68960e+00,0.00000e+00
1.83868e-02,2.48097e-06,0.00000e+00,1,5.71500e+00,1.00000e-01,5.71500e+00,0.00000e+00
1.83869e-02,2.25583e-06,0.00000e+00,1,5.74040e+00,1.00000e-01,5.74040e+00,0.00000e+00
1.83869e-02,2.04913e-06,0.00000e+00,1,5.76580e+00,1.00000e-01,5.76580e+00,0.00000e+00
1.83869e-02,1.86002e-06,0.00000e+00,1,5.79120e+00,1.00000e-01,5.79120e+00,0.00000e+00
1.83870e-02,1.68771e-06,0.00000e+00,1,5.81660e+00,1.00000e-01,5.81660e+00,0.00000e+00
1.83870e-02,1.53063e-06,0.00000e+00,1,5.84200e+00,1.00000e-01,5.84200e+00,0.00000e+00
1.83870e-02,1.38783e-06,0.00000e+00,1,5.86740e+00,1.00000e-01,5.86740e+00,0.00000e+00
1.83871e-02,1.25794e-06,0.00000e+00,1,5.89280e+00,1.00000e-01,5.89280e+00,0.00000e+00
1.83871e-02,1.13969e-06,0.00000e+00,1,5.91820e+00,1.00000e-01,5.91820e+00,0.00000e+00
1.83871e-02,1.03133e-06,0.00000e+00,1,5.94360e+00,1.00000e-01,5.94360e+00,0.00000e+00
1.83871e-02,9.33611e-07,0.00000e+00,1,5.96900e+00,1.00000e-01,5.96900e+00,0.00000e+00
1.83871e-02,8.44133e-07,0.00000e+00,1,5.99440e+00,1.00000e-01,5.99440e+00,0.00000e+00
1.83872e-02,7.62524e-07,0.00000e+00,1,6.01980e+00,1.00000e-01,6.01980e+00,0.00000e+00
1.83872e-02,6.87836e-07,0.00000e+00,1,6.04520e+00,1.00000e-01,6.04520e+00,0.00000e+00
1.83872e-02,6.19264e-07,0.00000e+00,1,6.07060e+00,1.00000e-01,6.07060e+00,0.00000e+00
1.83872e-02,5.56203e-07,0.00000e+00,1,6.09600e+00,1.00000e-01,6.09600e+00,0.00000e+00
1.83872e-02,4.97180e-07,0.00000e+00,1,6.12140e+00,1.00000e-01,6.12140e+00,0.00000e+00
1.83872e-02,4.41712e-07,0.00000e+00,1,6.14680e+00,1.00000e-01,6.14680e+00,0.00000e+00
1.83872e-02,3.89648e-07,0.00000e+00,1,6.17220e+00,1.00000e-01,6.17220e+00,0.00000e+00
1.83872e-02,3.41762e-07,0.00000e+00,1,6.19760e+00,1.00000e-01,6.19760e+00,0.00000e+00
1.83872e-02,2.98399e-07,0.00000e+00,1,6.22300e+00,1.00000e-01,6.22300e+00,0.00000e+00
1.83872e-02,2.57945e-07,0.00000e+00,1,6.24840e+00,1.00000e-01,6.24840e+00,0.00000e+00
1.83872e-02,2.19717e-07,0.00000e+00,1,6.27380e+00,1.00000e-01,6.27380e+00,0.00000e+00
1.83872e-02,1.82957e-07,0.00000e+00,1,6.29920e+00,1.00000e-01,6.29920e+00,0.00000e+00
1.83872e-02,1.47770e-07,0.00000e+00,1,6.32460e+00,1.00000e-01,6.32460e+00,0.00000e+00
1.83872e-02,1.13656e-07,0.00000e+00,1,6.35000e+00,1.00000e-01,6.35000e+00,0.00000e+00
1.83872e-02,8.05079e-08,0.00000e+00,1,6.37540e+00,1.00000e-01,6.37540e+00,0.00000e+00
1.83872e-02,4.81946e-08,0.00000e+00,1,6.40080e+00,1.00000e-01,6.40080e+00,0.00000e+00
1.83872e-02,1.62529e-08,0.00000e+00,1,6.42620e+00,1.00000e-01,6.42620e+00,0.00000e+00
1.83872e-02,-1.55871e-08,0.00000e+00,1,6.45160e+00,1.00000e-01,6.45160e+00,0.00000e+00
1.83872e-02,-4.75731e-08,0.00000e+00,1,6.47700e+00,1.00000e-01,6.47700e+00,0.00000e+00
1.83872e-02,-7.99222e-08,0.00000e+00,1,6.50240e+00,1.00000e-01,6.50240e+00,0.00000e+00
1.83872e-02,-1.13109e-07,0.00000e+00,1,6.52780e+00,1.00000e-01,6.52780e+00,0.00000e+00
1.83872e-02,-1.47292e-07,0.00000e+00,1,6.55320e+00,1.00000e-01,6.55320e+00,0.00000e+00
1.83872e-02,-1.82679e-07,0.00000e+00,1,6.57860e+00,1.00000e-01,6.57860e+00,0.00000e+00
1.83872e-02,-2.19545e-07,0.00000e+00,1,6.60400e+00,1.00000e-01,6.60400e+00,0.00000e+00
1.83872e-02,-2.58058e-07,0.00000e+00,1,6.62940e+00,1.00000e-01,6.62940e+00,0.00000e+00
1.83872e-02,-2.98461e-07,0.00000e+00,1,6.65480e+00,1.00000e-01,6.65480e+00,0.00000e+00
1.83872e-02,-3.41349e-07,0.00000e+00,1,6.68020e+00,1.00000e-01,6.68020e+00,0.00000e+00
1.83872e-02,-3.87918e-07,0.00000e+00,1,6.70560e+00,1.00000e-01,6.70560e+00,0.00000e+00
1.83872e-02,-4.39431e-07,0.00000e+00,1,6.73100e+00,1.00000e-01,6.73100e+00,0.00000e+00
1.83872e-02,-4.95401e-07,0.00000e+00,1,6.75640e+00,1.00000e-01,6.75640e+00,0.00000e+00
1.83872e-02,-5.55185e-07,0.00000e+00,1,6.78180e+00,1.00000e-01,6.78180e+00,0.00000e+00
1.83872e-02,-6.18973e-07,0.00000e+00,1,6.80720e+00,1.00000e-01,6.80720e+00,0.00000e+00
1.83872e-02,-6.87411e-07,0.00000e+00,1,6.83260e+00,1.00000e-01,6.83260e+00,0.00000e+00
1.83872e-02,-7.61625e-07,0.00000e+00,1,6.85800e+00,1.00000e-01,6.85800e+00,0.00000e+00
1.83871e-02,-8.42767e-07,0.00000e+00,1,6.88340e+00,1.00000e-01,6.88340e+00,0.00000e+00
1.83871e-02,-9.31977e-07,0.00000e+00,1,6.90880e+00,1.00000e-01,6.90880e+00,0.00000e+00
1.83871e-02,-1.02969e-06,0.00000e+00,1,6.93420e+00,1.00000e-01,6.93420e+00,0.00000e+00
1.83871e-02,-1.13658e-06,0.00000e+00,1,6.95960e+00,1.00000e-01,6.95960e+00,0.00000e+00
1.83871e-02,-1.25448e-06,0.00000e+00,1,6.98500e+00,1.00000e-01,6.98500e+00,0.00000e+00
1.83870e-02,-1.38380e-06,0.00000e+00,1,7.01040e+00,1.00000e-01,7.01040e+00,0.00000e+00
1.83870e-02,-1.52599e-06,0.00000e+00,1,7.03580e+00,1.00000e-01,7.03580e+00,0.00000e+00
1.83870e-02,-1.68217e-06,0.00000e+00,1,7.06120e+00,1.00000e-01,7.06120e+00,0.00000e+00
1.83870e-02,-1.85404e-06,0.00000e+00,1,7.08660e+00,1.00000e-01,7.08660e+00,0.00000e+00
1.83869e-02,-2.04307e-06,0.00000e+00,1,7.11200e+00,1.00000e-01,7.11200e+00,0.00000e+00
1.83869e-02,-2.25037e-06,0.00000e+00,1,7.13740e+00,1.00000e-01,7.13740e+00,0.00000e+00
1.83868e-02,-2.47724e-06,0.00000e+00,1,7.16280e+00,1.00000e-01,7.16280e+00,0.00000e+00
1.83868e-02,-2.72501e-06,0.00000e+00,1,7.18820e+00,1.00000e-01,7.18820e+00,0.00000e+00
1.83867e-02,-2.99443e-06,0.00000e+00,1,7.21360e+00,1.00000e-01,7.21360e+00,0.00000e+00
1.83867e-02,-3.29069e-06,0.00000e+00,1,7.23900e+00,1.00000e-01,7.23900e+00,0.00000e+00
1.83866e-02,-3.62276e-06,0.00000e+00,1,7.26440e+00,1.00000e-01,7.26440e+00,0.00000e+00
1.83866e-02,-4.00134e-06,0.00000e+00,1,7.28980e+00,1.00000e-01,7.28980e+00,0.00000e+00
1.83865e-02,-4.42368e-06,0.00000e+00,1,7.31520e+00,1.00000e-01,7.31520e+00,0.00000e+00
1.83864e-02,-4.88496e-06,0.00000e+00,1,7.34060e+00,1.00000e-01,7.34060e+00,0.00000e+00
1.83863e-02,-5.38256e-06,0.00000e+00,1,7.36600e+00,1.00000e-01,7.36600e+00,0.00000e+00
1.83862e-02,-5.92357e-06,0.00000e+00,1,7.39140e+00,1.00000e-01,7.39140e+00,0.00000e+00
1.83861e-02,-6.51109e-06,0.00000e+00,1,7.41680e+00,1.00000e-01,7.41680e+00,0.00000e+00
1.83860e-02,-7.15176e-06,0.00000e+00,1,7.44220e+00,1.00000e-01,7.44220e+00,0.00000e+00
1.83860e-02,-7.83788e-06,0.00000e+00,1,7.46760e+00,1.00000e-01,7.46760e+00,0.00000e+00
1.83860e-02,-8.56111e-06,0.00000e+00,1,7.49300e+00,1.00000e-01,7.49300e+00,0.00000e+00
1.83861e-02,-9.31060e-06,0.00000e+00,1,7.51840e+00,1.00000e-01,7.51840e+00,0.00000e+00
1.83862e-02,-1.00635e-05,0.00000e+00,1,7.54380e+00,1.00000e-01,7.54380e+00,0.00000e+00
1.83866e-02,-1.08062e-05,0.00000e+00,1,7.56920e+00,1.00000e-01,7.56920e+00,0.00000e+00
1.83870e-02,-1.14932e-05,0.00000e+00,1,7.59460e+00,1.00000e-01,7.59460e+00,0.00000e+00
1.83877e-02,-1.21077e-05,0.00000e+00,1,7.62000e+00,1.00000e-01,7.62000e+00,0.00000e+00
1.83885e-02,-1.26310e-05,0.00000e+00,1,7.64540e+00,1.00000e-01,7.64540e+00,0.00000e+00
1.83895e-02,-1.30746e-05,0.00000e+00,1,7.67080e+00,1.00000e-01,7.67080e+00,0.00000e+00
1.83904e-02,-1.35078e-05,0.00000e+00,1,7.69620e+00,1.00000e-01,7.69620e+00,0.00000e+00
1.83911e-02,-1.40745e-05,0.00000e+00,1,7.72160e+00,1.00000e-01,7.72160e+00,0.00000e+00
1.83909e-02,-1.49804e-05,0.00000e+00,1,7.74700e+00,1.00000e-01,7.74700e+00,0.00000e+00
1.83891e-02,-1.65047e-05,0.00000e+00,1,7.77240e+00,1.00000e-01,7.77240e+00,0.00000e+00
1.83844e-02,-1.85651e-05,0.00000e+00,1,7.79780e+00,1.00000e-01,7.79780e+00,0.00000e+00
1.83761e-02,-2.07235e-05,0.00000e+00,1,7.82320e+00,1.00000e-01,7.82320e+00,0.00000e+00
1.83639e-02,-2.24259e-05,0.00000e+00,1,7.84860e+00,1.00000e-01,7.84860e+00,0.00000e+00
1.83483e-02,-2.34602e-05,0.00000e+00,1,7.87400e+00,1.00000e-01,7.87400e+00,0.00000e+00
1.83296e-02,-2.39256e-05,0.00000e+00,1,7.89940e+00,1.00000e-01,7.89940e+00,0.00000e+00
1.83081e-02,-2.40353e-05,0.00000e+00,1,7.92480e+00,1.00000e-01,7.92480e+00,0.00000e+00
1.82840e-02,-2.39888e-05,0.00000e+00,1,7.95020e+00,1.00000e-01,7.95020e+00,0.00000e+00
1.82572e-02,-2.38550e-05,0.00000e+00,1,7.97560e+00,1.00000e-01,7.97560e+00,0.00000e+00
1.82279e-02,-2.36811e-05,0.00000e+00,1,8.00100e+00,1.00000e-01,8.00100e+00,0.00000e+00
1.81960e-02,-2.35047e-05,0.00000e+00,1,8.02640e+00,1.00000e-01,8.02640e+00,0.00000e+00
1.81616e-02,-2.33488e-05,0.00000e+00,1,8.05180e+00,1.00000e-01,8.05180e+00,0.00000e+00
1.81248e-02,-2.31878e-05,0.00000e+00,1,8.07720e+00,1.00000e-01,8.07720e+00,0.00000e+00
1.80855e-02,-2.30457e-05,0.00000e+00,1,8.10260e+00,1.00000e-01,8.10260e+00,0.00000e+00
1.80437e-02,-2.29101e-05,0.00000e+00,1,8.12800e+00,1.00000e-01,8.12800e+00,0.00000e+00
1.79996e-02,-2.27874e-05,0.00000e+00,1,8.15340e+00,1.00000e-01,8.15340e+00,0.00000e+00
1.79531e-02,-2.26573e-05,0.00000e+00,1,8.17880e+00,1.00000e-01,8.17880e+00,0.00000e+00
1.79043e-02,-2.25406e-05,0.00000e+00,1,8.20420e+00,1.00000e-01,8.20420e+00,0.00000e+00
1.78532e-02,-2.24083e-05,0.00000e+00,1,8.22960e+00,1.00000e-01,8.22960e+00,0.00000e+00
1.77998e-02,-2.22804e-05,0.00000e+00,1,8.25500e+00,1.00000e-01,8.25500e+00,0.00000e+00
1.77442e-02,-2.21523e-05,0.00000e+00,1,8.28040e+00,1.00000e-01,8.28040e+00,0.00000e+00
1.76863e-02,-2.20265e-05,0.00000e+00,1,8.30580e+00,1.00000e-01,8.30580e+00,0.00000e+00
1.76262e-02,-2.18881e-05,0.00000e+00,1,8.33120e+00,1.00000e-01,8.33120e+00,0.00000e+00
1.75640e-02,-2.17754e-05,0.00000e+00,1,8.35660e+00,1.00000e-01,8.35660e+00,0.00000e+00
1.74997e-02,-2.16412e-05,0.00000e+00,1,8.38200e+00,1.00000e-01,8.38200e+00,0.00000e+00
1.74333e-02,-2.15129e-05,0.00000e+00,1,8.40740e+00,1.00000e-01,8.40740e+00,0.00000e+00
1.73648e-02,-2.13851e-05,0.00000e+00,1,8.43280e+00,1.00000e-01,8.43280e+00,0.00000e+00
1.72942e-02,-2.12573e-05,0.00000e+00,1,8.45820e+00,1.00000e-01,8.45820e+00,0.00000e+00
1.72217e-02,-2.11293e-05,0.00000e+00,1,8.48360e+00,1.00000e-01,8.48360e+00,0.00000e+00
1.71471e-02,-2.10141e-05,0.00000e+00,1,8.50900e+00,1.00000e-01,8.50900e+00,0.00000e+00
1.70706e-02,-2.08768e-05,0.00000e+00,1,8.53440e+00,1.00000e-01,8.53440e+00,0.00000e+00
1.69921e-02,-2.07490e-05,0.00000e+00,1,8.55980e+00,1.00000e-01,8.55980e+00,0.00000e+00
1.69118e-02,-2.06207e-05,0.00000e+00,1,8.58520e+00,1.00000e-01,8.58520e+00,0.00000e+00
1.68296e-02,-2.04847e-05,0.00000e+00,1,8.61060e+00,1.00000e-01,8.61060e+00,0.00000e+00
1.67456e-02,-2.03622e-05,0.00000e+00,1,8.63600e+00,1.00000e-01,8.63600e+00,0.00000e+00
1.66597e-02,-2.02347e-05,0.00000e+00,1,8.66140e+00,1.00000e-01,8.66140e+00,0.00000e+00
1.65721e-02,-2.01058e-05,0.00000e+00,1,8.68680e+00,1.00000e-01,8.68680e+00,0.00000e+00
1.64828e-02,-1.99812e-05,0.00000e+00,1,8.71220e+00,1.00000e-01,8.71220e+00,0.00000e+00
1.63917e-02,-1.98468e-05,0.00000e+00,1,8.73760e+00,1.00000e-01,8.73760e+00,0.00000e+00
1.62989e-02,-1.97168e-05,0.00000e+00,1,8.76300e+00,1.00000e-01,8.76300e+00,0.00000e+00
1.62045e-02,-1.95937e-05,0.00000e+00,1,8.78840e+00,1.00000e-01,8.78840e+00,0.00000e+00
1.61084e-02,-1.94641e-05,0.00000e+00,1,8.81380e+00,1.00000e-01,8.81380e+00,0.00000e+00
1.60107e-02,-1.93419e-05,0.00000e+00,1,8.83920e+00,1.00000e-01,8.83920e+00,0.00000e+00
1.59115e-02,-1.92143e-05,0.00000e+00,1,8.86460e+00,1.00000e-01,8.86460e+00,0.00000e+00
1.58107e-02,-1.90798e-05,0.00000e+00,1,8.89000e+00,1.00000e-01,8.89000e+00,0.00000e+00
1.57084e-02,-1.89513e-05,0.00000e+00,1,8.91540e+00,1.00000e-01,8.91540e+00,0.00000e+00
1.56046e-02,-1.88240e-05,0.00000e+00,1,8.94080e+00,1.00000e-01,8.94080e+00,0.00000e+00
1.54994e-02,-1.86979e-05,0.00000e+00,1,8.96620e+00,1.00000e-01,8.96620e+00,0.00000e+00
1.53927e-02,-1.85689e-05,0.00000e+00,1,8.99160e+00,1.00000e-01,8.99160e+00,0.00000e+00
1.52846e-02,-1.84423e-05,0.00000e+00,1,9.01700e+00,1.00000e-01,9.01700e+00,0.00000e+00
1.51751e-02,-1.83146e-05,0.00000e+00,1,9.04240e+00,1.00000e-01,9.04240e+00,0.00000e+00
1.50644e-02,-1.81835e-05,0.00000e+00,1,9.06780e+00,1.00000e-01,9.06780e+00,0.00000e+00
1.49523e-02,-1.80486e-05,0.00000e+00,1,9.09320e+00,1.00000e-01,9.09320e+00,0.00000e+00
1.48389e-02,-1.79344e-05,0.00000e+00,1,9.11860e+00,1.00000e-01,9.11860e+00,0.00000e+00
1.47242e-02,-1.78082e-05,0.00000e+00,1,9.14400e+00,1.00000e-01,9.14400e+00,0.00000e+00
1.46084e-02,-1.76700e-05,0.00000e+00,1,9.16940e+00,1.00000e-01,9.16940e+00,0.00000e+00
1.44913e-02,-1.75467e-05,0.00000e+00,1,9.19480e+00,1.00000e-01,9.19480e+00,0.00000e+00
1.43731e-02,-1.74188e-05,0.00000e+00,1,9.22020e+00,1.00000e-01,9.22020e+00,0.00000e+00
1.42538e-02,-1.72883e-05,0.00000e+00,1,9.24560e+00,1.00000e-01,9.24560e+00,0.00000e+00
1.41333e-02,-1.71668e-05,0.00000e+00,1,9.27100e+00,1.00000e-01,9.27100e+00,0.00000e+00
1.40118e-02,-1.70348e-05,0.00000e+00,1,9.29640e+00,1.00000e-01,9.29640e+00,0.00000e+00
1.38893e-02,-1.69090e-05,0.00000e+00,1,9.32180e+00,1.00000e-01,9.32180e+00,0.00000e+00
1.37657e-02,-1.67876e-05,0.00000e+00,1,9.34720e+00,1.00000e-01,9.34720e+00,0.00000e+00
1.36411e-02,-1.66463e-05,0.00000e+00,1,9.37260e+00,1.00000e-01,9.37260e+00,0.00000e+00
1.35156e-02,-1.65256e-05,0.00000e+00,1,9.39800e+00,1.00000e-01,9.39800e+00,0.00000e+00
1.33891e-02,-1.63951e-05,0.00000e+00,1,9.42340e+00,1.00000e-01,9.42340e+00,0.00000e+00
1.32617e-02,-1.62697e-05,0.00000e+00,1,9.44880e+00,1.00000e-01,9.44880e+00,0.00000e+00
1.31335e-02,-1.61392e-05,0.00000e+00,1,9.47420e+00,1.00000e-01,9.47420e+00,0.00000e+00
1.30044e-02,-1.60106e-05,0.00000e+00,1,9.49960e+00,1.00000e-01,9.49960e+00,0.00000e+00
1.28745e-02,-1.58834e-05,0.00000e+00,1,9.52500e+00,1.00000e-01,9.52500e+00,0.00000e+00
1.27439e-02,-1.57550e-05,0.00000e+00,1,9.55040e+00,1.00000e-01,9.55040e+00,0.00000e+00
1.26124e-02,-1.56272e-05,0.00000e+00,1,9.57580e+00,1.00000e-01,9.57580e+00,0.00000e+00
1.24803e-02,-1.54995e-05,0.00000e+00,1,9.60120e+00,1.00000e-01,9.60120e+00,0.00000e+00
1.23474e-02,-1.53714e-05,0.00000e+00,1,9.62660e+00,1.00000e-01,9.62660e+00,0.00000e+00
1.22139e-02,-1.52418e-05,0.00000e+00,1,9.65200e+00,1.00000e-01,9.65200e+00,0.00000e+00
1.20797e-02,-1.51120e-05,0.00000e+00,1,9.67740e+00,1.00000e-01,9.67740e+00,0.00000e+00
1.19450e-02,-1.49847e-05,0.00000e+00,1,9.70280e+00,1.00000e-01,9.70280e+00,0.00000e+00
1.18096e-02,-1.48544e-05,0.00000e+00,1,9.72820e+00,1.00000e-01,9.72820e+00,0.00000e+00
1.16737e-02,-1.47357e-05,0.00000e+00,1,9.75360e+00,1.00000e-01,9.75360e+00,0.00000e+00
1.15373e-02,-1.46051e-05,0.00000e+00,1,9.77900e+00,1.00000e-01,9.77900e+00,0.00000e+00
1.14004e-02,-1.44749e-05,0.00000e+00,1,9.80440e+00,1.00000e-01,9.80440e+00,0.00000e+00
1.12631e-02,-1.43477e-05,0.00000e+00,1,9.82980e+00,1.00000e-01,9.82980e+00,0.00000e+00
1.11253e-02,-1.42198e-05,0.00000e+00,1,9.85520e+00,1.00000e-01,9.85520e+00,0.00000e+00
1.09871e-02,-1.40911e-05,0.00000e+00,1,9.88060e+00,1.00000e-01,9.88060e+00,0.00000e+00
1.08485e-02,-1.39626e-05,0.00000e+00,1,9.90600e+00,1.00000e-01,9.90600e+00,0.00000e+00
1.07096e-02,-1.38390e-05,0.00000e+00,1,9.93140e+00,1.00000e-01,9.93140e+00,0.00000e+00
1.05703e-02,-1.37126e-05,0.00000e+00,1,9.95680e+00,1.00000e-01,9.95680e+00,0.00000e+00
1.04308e-02,-1.35833e-05,0.00000e+00,1,9.98220e+00,1.00000e-01,9.98220e+00,0.00000e+00
1.02911e-02,-1.34522e-05,0.00000e+00,1,1.00076e+01,1.00000e-01,1.00076e+01,0.00000e+00
1.01511e-02,-1.33248e-05,0.00000e+00,1,1.00330e+01,1.00000e-01,1.00330e+01,0.00000e+00
1.00109e-02,-1.31957e-05,0.00000e+00,1,1.00584e+01,1.00000e-01,1.00584e+01,0.00000e+00
9.87049e-03,-1.30672e-05,0.00000e+00,1,1.00838e+01,1.00000e-01,1.00838e+01,0.00000e+00
9.72998e-03,-1.29404e-05,0.00000e+00,1,1.01092e+01,1.00000e-01,1.01092e+01,0.00000e+00
9.58936e-03,-1.28120e-05,0.00000e+00,1,1.01346e+01,1.00000e-01,1.01346e+01,0.00000e+00
9.44866e-03,-1.26840e-05,0.00000e+00,1,1.01600e+01,1.00000e-01,1.01600e+01,0.00000e+00
9.30791e-03,-1.25563e-05,0.00000e+00,1,1.01854e+01,1.00000e-01,1.01854e+01,0.00000e+00
9.16713e-03,-1.24287e-05,0.00000e+00,1,1.02108e+01,1.00000e-01,1.02108e+01,0.00000e+00
9.02636e-03,-1.23004e-05,0.00000e+00,1,1.02362e+01,1.00000e-01,1.02362e+01,0.00000e+00
8.88564e-03,-1.21732e-05,0.00000e+00,1,1.02616e+01,1.00000e-01,1.02616e+01,0.00000e+00
8.74497e-03,-1.20450e-05,0.00000e+00,1,1.02870e+01,1.00000e-01,1.02870e+01,0.00000e+00
8.60440e-03,-1.19178e-05,0.00000e+00,1,1.03124e+01,1.00000e-01,1.03124e+01,0.00000e+00
8.46395e-03,-1.17899e-05,0.00000e+00,1,1.03378e+01,1.00000e-01,1.03378e+01,0.00000e+00
8.32365e-03,-1.16604e-05,0.00000e+00,1,1.03632e+01,1.00000e-01,1.03632e+01,0.00000e+00
8.18354e-03,-1.15334e-05,0.00000e+00,1,1.03886e+01,1.00000e-01,1.03886e+01,0.00000e+00
8.04364e-03,-1.14049e-05,0.00000e+00,1,1.04140e+01,1.00000e-01,1.04140e+01,0.00000e+00
7.90398e-03,-1.12769e-05,0.00000e+00,1,1.04394e+01,1.00000e-01,1.04394e+01,0.00000e+00
7.76459e-03,-1.11492e-05,0.00000e+00,1,1.04648e+01,1.00000e-01,1.04648e+01,0.00000e+00
7.62550e-03,-1.10261e-05,0.00000e+00,1,1.04902e+01,1.00000e-01,1.04902e+01,0.00000e+00
7.48674e-03,-1.08974e-05,0.00000e+00,1,1.05156e+01,1.00000e-01,1.05156e+01,0.00000e+00
7.34833e-03,-1.07652e-05,0.00000e+00,1,1.05410e+01,1.00000e-01,1.05410e+01,0.00000e+00
7.21031e-03,-1.06372e-05,0.00000e+00,1,1.05664e+01,1.00000e-01,1.05664e+01,0.00000e+00
7.07271e-03,-1.05105e-05,0.00000e+00,1,1.05918e+01,1.00000e-01,1.05918e+01,0.00000e+00
6.93556e-03,-1.03813e-05,0.00000e+00,1,1.06172e+01,1.00000e-01,1.06172e+01,0.00000e+00
6.79888e-03,-1.02537e-05,0.00000e+00,1,1.06426e+01,1.00000e-01,1.06426e+01,0.00000e+00
6.66271e-03,-1.01259e-05,0.00000e+00,1,1.06680e+01,1.00000e-01,1.06680e+01,0.00000e+00
6.52707e-03,-9.99442e-06,0.00000e+00,1,1.06934e+01,1.00000e-01,1.06934e+01,0.00000e+00
6.39200e-03,-9.87580e-06,0.00000e+00,1,1.07188e+01,1.00000e-01,1.07188e+01,0.00000e+00
6.25751e-03,-9.73915e-06,0.00000e+00,1,1.07442e+01,1.00000e-01,1.07442e+01,0.00000e+00
6.12364e-03,-9.61968e-06,0.00000e+00,1,1.07696e+01,1.00000e-01,1.07696e+01,0.00000e+00
5.99043e-03,-9.49164e-06,0.00000e+00,1,1.07950e+01,1.00000e-01,1.07950e+01,0.00000e+00
5.85789e-03,-9.35655e-06,0.00000e+00,1,1.08204e+01,1.00000e-01,1.08204e+01,0.00000e+00
5.72607e-03,-9.22336e-06,0.00000e+00,1,1.08458e+01,1.00000e-01,1.08458e+01,0.00000e+00
5.59498e-03,-9.10192e-06,0.00000e+00,1,1.08712e+01,1.00000e-01,1.08712e+01,0.00000e+00
5.46466e-03,-8.97516e-06,0.00000e+00,1,1.08966e+01,1.00000e-01,1.08966e+01,0.00000e+00
5.33514e-03,-8.83872e-06,0.00000e+00,1,1.09220e+01,1.00000e-01,1.09220e+01,0.00000e+00
5.20644e-03,-8.71640e-06,0.00000e+00,1,1.09474e+01,1.00000e-01,1.09474e+01,0.00000e+00
5.07860e-03,-8.58819e-06,0.00000e+00,1,1.09728e+01,1.00000e-01,1.09728e+01,0.00000e+00
4.95164e-03,-8.46146e-06,0.00000e+00,1,1.09982e+01,1.00000e-01,1.09982e+01,0.00000e+00
4.82560e-03,-8.33387e-06,0.00000e+00,1,1.10236e+01,1.00000e-01,1.10236e+01,0.00000e+00
4.70050e-03,-8.21690e-06,0.00000e+00,1,1.10490e+01,1.00000e-01,1.10490e+01,0.00000e+00
4.57637e-03,-8.07699e-06,0.00000e+00,1,1.10744e+01,1.00000e-01,1.10744e+01,0.00000e+00
4.45324e-03,-7.95562e-06,0.00000e+00,1,1.10998e+01,1.00000e-01,1.10998e+01,0.00000e+00
4.33114e-03,-7.82205e-06,0.00000e+00,1,1.11252e+01,1.00000e-01,1.11252e+01,0.00000e+00
4.21012e-03,-7.69481e-06,0.00000e+00,1,1.11506e+01,1.00000e-01,1.11506e+01,0.00000e+00
4.09018e-03,-7.56166e-06,0.00000e+00,1,1.11760e+01,1.00000e-01,1.11760e+01,0.00000e+00
3.97136e-03,-7.43842e-06,0.00000e+00,1,1.12014e+01,1.00000e-01,1.12014e+01,0.00000e+00
3.85368e-03,-7.30950e-06,0.00000e+00,1,1.12268e+01,1.00000e-01,1.12268e+01,0.00000e+00
3.73719e-03,-7.18735e-06,0.00000e+00,1,1.12522e+01,1.00000e-01,1.12522e+01,0.00000e+00
3.62191e-03,-7.05026e-06,0.00000e+00,1,1.12776e+01,1.00000e-01,1.12776e+01,0.00000e+00
3.50785e-03,-6.91957e-06,0.00000e+00,1,1.13030e+01,1.00000e-01,1.13030e+01,0.00000e+00
3.39507e-03,-6.80751e-06,0.00000e+00,1,1.13284e+01,1.00000e-01,1.13284e+01,0.00000e+00
3.28357e-03,-6.68100e-06,0.00000e+00,1,1.13538e+01,1.00000e-01,1.13538e+01,0.00000e+00
3.17340e-03,-6.53972e-06,0.00000e+00,1,1.13792e+01,1.00000e-01,1.13792e+01,0.00000e+00
3.06458e-03,-6.41482e-06,0.00000e+00,1,1.14046e+01,1.00000e-01,1.14046e+01,0.00000e+00
2.95714e-03,-6.28756e-06,0.00000e+00,1,1.14300e+01,1.00000e-01,1.14300e+01,0.00000e+00
2.85112e-03,-6.16450e-06,0.00000e+00,1,1.14554e+01,1.00000e-01,1.14554e+01,0.00000e+00
2.74653e-03,-6.03496e-06,0.00000e+00,1,1.14808e+01,1.00000e-01,1.14808e+01,0.00000e+00
2.64342e-03,-5.90797e-06,0.00000e+00,1,1.15062e+01,1.00000e-01,1.15062e+01,0.00000e+00
2.54180e-03,-5.77010e-06,0.00000e+00,1,1.15316e+01,1.00000e-01,1.15316e+01,0.00000e+00
2.44170e-03,-5.64704e-06,0.00000e+00,1,1.15570e+01,1.00000e-01,1.15570e+01,0.00000e+00
2.34316e-03,-5.51898e-06,0.00000e+00,1,1.15824e+01,1.00000e-01,1.15824e+01,0.00000e+00
2.24622e-03,-5.39105e-06,0.00000e+00,1,1.16078e+01,1.00000e-01,1.16078e+01,0.00000e+00
2.15089e-03,-5.26933e-06,0.00000e+00,1,1.16332e+01,1.00000e-01,1.16332e+01,0.00000e+00
2.05721e-03,-5.13521e-06,0.00000e+00,1,1.16586e+01,1.00000e-01,1.16586e+01,0.00000e+00
1.96522e-03,-5.00119e-06,0.00000e+00,1,1.16840e+01,1.00000e-01,1.16840e+01,0.00000e+00
1.87494e-03,-4.88247e-06,0.00000e+00,1,1.17094e+01,1.00000e-01,1.17094e+01,0.00000e+00
1.78637e-03,-4.75150e-06,0.00000e+00,1,1.17348e+01,1.00000e-01,1.17348e+01,0.00000e+00
1.69958e-03,-4.62065e-06,0.00000e+00,1,1.17602e+01,1.00000e-01,1.17602e+01,0.00000e+00
1.61457e-03,-4.49546e-06,0.00000e+00,1,1.17856e+01,1.00000e-01,1.17856e+01,0.00000e+00
1.53138e-03,-4.36760e-06,0.00000e+00,1,1.18110e+01,1.00000e-01,1.18110e+01,0.00000e+00
1.45006e-03,-4.23086e-06,0.00000e+00,1,1.18364e+01,1.00000e-01,1.18364e+01,0.00000e+00
1.37060e-03,-4.11622e-06,0.00000e+00,1,1.18618e+01,1.00000e-01,1.18618e+01,0.00000e+00
1.29305e-03,-3.97641e-06,0.00000e+00,1,1.18872e+01,1.00000e-01,1.18872e+01,0.00000e+00
1.21745e-03,-3.84011e-06,0.00000e+00,1,1.19126e+01,1.00000e-01,1.19126e+01,0.00000e+00
1.14381e-03,-3.71194e-06,0.00000e+00,1,1.19380e+01,1.00000e-01,1.19380e+01,0.00000e+00
1.07215e-03,-3.59292e-06,0.00000e+00,1,1.19634e+01,1.00000e-01,1.19634e+01,0.00000e+00
1.00253e-03,-3.47438e-06,0.00000e+00,1,1.19888e+01,1.00000e-01,1.19888e+01,0.00000e+00
9.34953e-04,-3.34384e-06,0.00000e+00,1,1.20142e+01,1.00000e-01,1.20142e+01,0.00000e+00
8.69481e-04,-3.23422e-06,0.00000e+00,1,1.20396e+01,1.00000e-01,1.20396e+01,0.00000e+00
8.06116e-04,-3.11282e-06,0.00000e+00,1,1.20650e+01,1.00000e-01,1.20650e+01,0.00000e+00
7.44887e-04,-2.95541e-06,0.00000e+00,1,1.20904e+01,1.00000e-01,1.20904e+01,0.00000e+00
6.85822e-04,-2.84899e-06,0.00000e+00,1,1.21158e+01,1.00000e-01,1.21158e+01,0.00000e+00
6.28970e-04,-2.70415e-06,0.00000e+00,1,1.21412e+01,1.00000e-01,1.21412e+01,0.00000e+00
5.74328e-04,-2.57236e-06,0.00000e+00,1,1.21666e+01,1.00000e-01,1.21666e+01,0.00000e+00
5.21981e-04,-2.44835e-06,0.00000e+00,1,1.21920e+01,1.00000e-01,1.21920e+01,0.00000e+00
4.71925e-04,-2.32050e-06,0.00000e+00,1,1.22174e+01,1.00000e-01,1.22174e+01,0.00000e+00
4.24189e-04,-2.19430e-06,0.00000e+00,1,1.22428e+01,1.00000e-01,1.22428e+01,0.00000e+00
3.78802e-04,-2.06278e-06,0.00000e+00,1,1.22682e+01,1.00000e-01,1.22682e+01,0.00000e+00
3.35791e-04,-1.93959e-06,0.00000e+00,1,1.22936e+01,1.00000e-01,1.22936e+01,0.00000e+00
2.95193e-04,-1.79983e-06,0.00000e+00,1,1.23190e+01,1.00000e-01,1.23190e+01,0.00000e+00
2.57017e-04,-1.68642e-06,0.00000e+00,1,1.23444e+01,1.00000e-01,1.23444e+01,0.00000e+00
2.21393e-04,-1.56626e-06,0.00000e+00,1,1.23698e+01,1.00000e-01,1.23698e+01,0.00000e+00
1.88212e-04,-1.39167e-06,0.00000e+00,1,1.23952e+01,1.00000e-01,1.23952e+01,0.00000e+00
1.57465e-04,-1.20953e-06,0.00000e+00,1,1.24206e+01,1.00000e-01,1.24206e+01,0.00000e+00
1.29319e-04,-1.16778e-06,0.00000e+00,1,1.24460e+01,1.00000e-01,1.24460e+01,0.00000e+00
1.03678e-04,-1.04783e-06,0.00000e+00,1,1.24714e+01,1.00000e-01,1.24714e+01,0.00000e+00
8.07791e-05,-8.55381e-07,0.00000e+00,1,1.24968e+01,1.00000e-01,1.24968e+01,0.00000e+00
6.04678e-05,-7.19724e-07,0.00000e+00,1,1.25222e+01,1.00000e-01,1.25222e+01,0.00000e+00
4.28256e-05,-5.50640e-07,0.00000e+00,1,1.25476e+01,1.00000e-01,1.25476e+01,0.00000e+00
2.77525e-05,-5.06247e-07,0.00000e+00,1,1.25730e+01,1.00000e-01,1.25730e+01,0.00000e+00
1.54785e-05,-4.44042e-07,0.00000e+00,1,1.25984e+01,1.00000e-01,1.25984e+01,0.00000e+00
5.89796e-06,-2.90988e-07,0.00000e+00,1,1.26238e+01,1.00000e-01,1.26238e+01,0.00000e+00
-8.16781e-07,-2.27778e-08,0.00000e+00,1,1.26492e+01,1.00000e-01,1.26492e+01,0.00000e+00
-3.34760e-06,-1.40093e-08,0.00000e+00,1,1.26746e+01,1.00000e-01,1.26746e+01,0.00000e+00
-3.75372e-11,-4.80227e-13,0.00000e+00,1,1.27000e+01,1.00000e-01,1.27000e+01,0.00000e+00
